category;scope;category_name;RMSE;MSE;MAE;MAPE;R2;StandardDeviation
SectorName;CF1_log;10;0.704290021;0.496024434;0.480236863;0.09321378;0.592389127;0.690645741
SectorName;CF1_log;40;0.587840138;0.345556028;0.425721638;0.229387242;0.642223288;0.583680323
SectorName;CF1_log;50;0.525867435;0.276536559;0.398792229;0.120706174;0.670930935;0.525520809
SectorName;CF1_log;20;0.475941469;0.226520282;0.324368879;0.078484101;0.832182636;0.475745876
SectorName;CF1_log;30;0.38581211;0.148850984;0.258226647;0.056346671;0.800988389;0.385750606
SectorName;CF1_log;15;0.388657981;0.151055027;0.279759405;0.050950029;0.858685846;0.388617966
SectorName;CF1_log;35;0.464151617;0.215436723;0.329080892;0.680901431;0.819357295;0.463908124
SectorName;CF1_log;60;0.676679904;0.457895693;0.532684621;0.170212979;0.644823104;0.670873263
SectorName;CF1_log;45;0.567613105;0.322184637;0.376406666;0.801000828;0.748681136;0.567606017
SectorName;CF1_log;55;0.798868889;0.638191501;0.596771377;0.132176089;0.743044269;0.795248992
SectorName;CF1_log;25;0.500497737;0.250497984;0.352212459;0.100276888;0.7698404;0.499438824
Region;CF1_log;Latin America & the Caribbean;0.628106518;0.394517797;0.419303897;0.109938159;0.829166722;0.627765199
Region;CF1_log;East Asia and Pacific;0.573584374;0.328999034;0.409385794;0.132955369;0.835732648;0.568829114
Region;CF1_log;Europe and Central Asia;0.481986024;0.232310528;0.342079282;0.159348329;0.895551022;0.480583529
Region;CF1_log;North America;0.597191844;0.356638099;0.390877628;0.480458276;0.786870648;0.596784242
Region;CF1_log;Middle East and North Africa;0.469146001;0.22009797;0.338216925;0.07531309;0.854672783;0.459276786
Region;CF1_log;South Asia;0.477787629;0.228281018;0.324161355;0.084008005;0.913561746;0.460828841
Region;CF1_log;Sub-Saharan Africa;0.625125371;0.390781729;0.468790764;0.134324183;0.63809006;0.615536341
Revenuebuckets;CF1_log;7;0.465291262;0.216495959;0.327016126;0.067949116;0.869900758;0.46525193
Revenuebuckets;CF1_log;4;0.51498399;0.26520851;0.355950098;0.086939542;0.821811572;0.514537176
Revenuebuckets;CF1_log;0;0.809162123;0.654743342;0.615817001;1.043441031;0.550072543;0.799975915
Revenuebuckets;CF1_log;2;0.589170989;0.347122455;0.426892325;0.127198246;0.799324666;0.588422958
Revenuebuckets;CF1_log;5;0.432846502;0.187356094;0.294985373;0.066299936;0.826629468;0.43067511
Revenuebuckets;CF1_log;9;0.325748622;0.106112165;0.246408726;0.048335544;0.948336917;0.324332879
Revenuebuckets;CF1_log;1;0.641905739;0.412042978;0.4740698;0.167816506;0.689487678;0.63751652
Revenuebuckets;CF1_log;8;0.415806164;0.172894766;0.280322764;0.055968001;0.863938701;0.415795726
Revenuebuckets;CF1_log;3;0.605920005;0.367139052;0.425519914;0.127070544;0.761102715;0.604668097
Revenuebuckets;CF1_log;6;0.436417657;0.190460372;0.324135755;0.069189267;0.846690398;0.430220984
SubSector;CF1_log;Integrated Oil & Gas;0.229146926;0.052508314;0.187496259;0.026094806;0.51074826;0.22413766
SubSector;CF1_log;Diversified Banks;0.614231276;0.37728006;0.488316696;0.18893428;0.195868154;0.607544749
SubSector;CF1_log;Broadcasting;0.337260737;0.113744805;0.26005481;0.089238933;0.733567888;0.293179801
SubSector;CF1_log;Regional Banks;0.651696323;0.424708098;0.555238393;0.207674878;0.454071085;0.641037388
SubSector;CF1_log;Diversified Support Services;0.474649357;0.225292012;0.43393055;0.095723739;-0.098318067;0.405324385
SubSector;CF1_log;Human Resource & Employment Services;0.424957452;0.180588836;0.359275256;0.105101302;0.746459895;0.424857493
SubSector;CF1_log;Personal Products;0.266241397;0.070884482;0.189607755;0.054300958;0.765296012;0.264496174
SubSector;CF1_log;Diversified Metals & Mining;0.472857214;0.223593944;0.340969515;0.058400678;0.831386781;0.403821032
SubSector;CF1_log;Health Care Equipment;0.348201932;0.121244586;0.227789889;0.10719982;0.810173547;0.332746156
SubSector;CF1_log;Integrated Telecommunication Services;0.346527485;0.120081298;0.239488694;0.062440853;0.576935402;0.30511863
SubSector;CF1_log;Diversified REITs;0.779797792;0.608084596;0.674287455;0.247352997;0.20813655;0.778947571
SubSector;CF1_log;Oil & Gas Refining & Marketing;0.714441424;0.510426549;0.53019846;0.088604013;0.331789971;0.710905552
SubSector;CF1_log;Construction Materials;0.342874056;0.117562619;0.235130906;0.035843108;0.790667445;0.323669716
SubSector;CF1_log;Food Retail;0.516239957;0.266503693;0.372031226;0.074178499;0.261121406;0.512579945
SubSector;CF1_log;Gold;0.359950643;0.129564465;0.247802734;0.050523478;0.807723255;0.359636001
SubSector;CF1_log;Oil & Gas Exploration & Production;1.311575487;1.720230258;0.847132488;0.329472077;0.146882172;1.22000636
SubSector;CF1_log;Office REITs ;0.720474392;0.51908335;0.522571642;0.188893173;-0.29915948;0.712420171
SubSector;CF1_log;Data Processing & Outsourced Services;0.620891344;0.385506061;0.482950065;0.220557945;0.183350848;0.601298017
SubSector;CF1_log;Oil & Gas Equipment & Services;0.716626733;0.513553874;0.538943287;0.095339316;0.347149145;0.562282186
SubSector;CF1_log;Life & Health Insurance;0.586624422;0.344128213;0.43926757;0.119448356;0.484613674;0.581397514
SubSector;CF1_log;Other Diversified Financial Services;0.828960347;0.687175257;0.721288479;0.746738232;0.613871125;0.815840426
SubSector;CF1_log;Diversified Chemicals;0.275528705;0.075916068;0.218374018;0.037187253;0.806593886;0.268206863
SubSector;CF1_log;Airlines;0.147683165;0.021810317;0.121262721;0.01786259;0.745871635;0.143156164
SubSector;CF1_log;Steel;0.458960647;0.210644876;0.283993093;0.046911771;0.786947141;0.458892652
SubSector;CF1_log;Airport Services;0.40460115;0.163702091;0.34448297;0.079042645;-0.358927293;0.403289872
SubSector;CF1_log;Semiconductors;0.357928626;0.128112901;0.247983743;0.051396112;0.771549119;0.354986508
SubSector;CF1_log;Electric Utilities;0.603036865;0.36365346;0.482477784;0.084063197;0.828763221;0.600739181
SubSector;CF1_log;Electronic Components;0.363256591;0.131955351;0.259253843;0.05449723;0.837530219;0.339089335
SubSector;CF1_log;Distributors;0.624548714;0.390061096;0.538227913;0.117642267;-0.407779401;0.622989845
SubSector;CF1_log;Health Care REITs ;0.569437653;0.324259241;0.481362974;0.107088364;-1.406052711;0.304218553
SubSector;CF1_log;Electronic Equipment & Instruments ;0.341717474;0.116770832;0.288352264;0.085836806;0.668479676;0.341717063
SubSector;CF1_log;Construction & Engineering;0.510641941;0.260755192;0.306638426;0.058120567;0.615616056;0.480263135
SubSector;CF1_log;Specialty Chemicals;0.289270633;0.083677499;0.227026207;0.041430387;0.894884617;0.185339446
SubSector;CF1_log;Oil & Gas Storage & Transportation;0.84590589;0.715556775;0.551607425;0.089899807;0.390611405;0.751045726
SubSector;CF1_log;Homebuilding;0.525016212;0.275642023;0.385729568;0.096315776;0.65872135;0.523884414
SubSector;CF1_log;Renewable Electricity ;1.666620261;2.777623095;1.565441199;0.496687479;0.207023607;1.547924525
SubSector;CF1_log;Paper Packaging;0.446006073;0.198921418;0.340366968;0.05909527;0.452825894;0.442223726
SubSector;CF1_log;Highways & Railtracks;0.693082122;0.480362828;0.504207879;0.180771868;0.392132407;0.632562501
SubSector;CF1_log;Railroads;0.948097577;0.898889015;0.751248173;0.175814207;0.135853373;0.751387994
SubSector;CF1_log;Drug Retail;0.332402531;0.110491442;0.265793338;0.070489414;0.471906099;0.332383356
SubSector;CF1_log;Trucking;0.876225653;0.767771395;0.611304936;0.100166331;0.343392056;0.650209168
SubSector;CF1_log;Marine Ports & Services;0.349052952;0.121837963;0.277081501;0.056524582;-1.745611087;0.223428408
SubSector;CF1_log;Paper Products;0.32007425;0.102447526;0.258141433;0.042032458;0.385550667;0.30551572
SubSector;CF1_log;Coal & Consumable Fuels;0.812075447;0.659466532;0.771259614;0.125313311;-0.311262852;0.722333149
SubSector;CF1_log;Thrifts & Mortgage Finance;0.433807724;0.188189141;0.357980015;0.1157962;-0.623542366;0.415784277
SubSector;CF1_log;Trading Companies & Distributors;0.192314835;0.036984996;0.158162992;0.035665321;0.87430072;0.19119048
SubSector;CF1_log;Multi-Utilities;0.630698581;0.3977807;0.488664425;0.070236866;-0.144594376;0.603080463
SubSector;CF1_log;Residential REITs;0.443277676;0.196495098;0.324450765;0.078666578;-0.196730478;0.428620562
SubSector;CF1_log;Retail REITs;0.413543257;0.171018026;0.248277816;0.100597646;0.504640181;0.409019755
SubSector;CF1_log;IT Consulting & Other Services;0.28308778;0.080138691;0.245622394;0.067133554;0.761717039;0.255911657
SubSector;CF1_log;Cable & Satellite;0.369032306;0.136184843;0.231845388;0.070839056;0.528489473;0.366466498
SubSector;CF1_log;Communications Equipment;0.73076249;0.534013817;0.520087986;0.211075341;0.541012812;0.705828801
SubSector;CF1_log;Property & Casualty Insurance;0.275958887;0.076153307;0.215034724;0.069034153;0.686608548;0.275953998
SubSector;CF1_log;Wireless Telecommunication Services;0.720434297;0.519025576;0.608450576;0.137680666;-0.704272003;0.717315027
SubSector;CF1_log;Independent Power Producers & Energy Traders;0.502092204;0.252096581;0.416125092;0.060987972;0.477061738;0.50186251
SubSector;CF1_log;Fertilizers & Agricultural Chemicals;0.427915216;0.183111432;0.352725578;0.058949131;0.531034873;0.407410094
SubSector;CF1_log;Distillers & Vintners;0.237856834;0.056575873;0.190259023;0.037793013;0.658577804;0.230374532
SubSector;CF1_log;Soft Drinks;0.288931974;0.083481686;0.184784357;0.038811754;0.499342069;0.246258431
SubSector;CF1_log;Department Stores;0.711709349;0.506530197;0.580755849;0.136601323;-0.153802823;0.625364225
SubSector;CF1_log;Water Utilities;0.55704353;0.310297495;0.495174743;0.110782272;0.489815094;0.345193019
SubSector;CF1_log;Multi-line Insurance;0.325394698;0.10588171;0.263206584;0.083231241;0.873978225;0.309160207
SubSector;CF1_log;Interactive Media & Services;0.804226757;0.646780676;0.688031686;0.221997889;-0.068917938;0.803175262
SubSector;CF1_log;Aluminum;0.315760488;0.099704686;0.249128888;0.03584308;0.546738003;0.263062512
SubSector;CF1_log;Real Estate Development ;0.646156763;0.417518562;0.505407424;0.182169268;0.373152158;0.636261359
SubSector;CF1_log;Air Freight & Logistics;0.259766272;0.067478516;0.219457896;0.043086013;0.307420812;0.235679238
SubSector;CF1_log;Marine;0.505265532;0.255293258;0.272735403;0.056865574;0.706562372;0.496938566
SubSector;CF1_log;Multi-Sector Holdings;0.70258739;0.49362904;0.540886776;0.208203713;0.783928838;0.667547645
SubSector;CF1_log;Health Care Supplies;0.622368914;0.387343065;0.526440455;0.140872159;0.651754836;0.598351984
SubSector;CF1_log;Application Software;0.530382395;0.281305485;0.445416904;0.108308637;0.838675962;0.375136319
SubSector;CF1_log;Automobile Manufacturers;0.254449233;0.064744412;0.223223403;0.043160931;0.88084852;0.236402897
SubSector;CF1_log;Tires & Rubber;0.38061945;0.144871166;0.346749331;0.06457803;0.441204519;0.316510709
SubSector;CF1_log;Publishing;0.574915849;0.330528234;0.509541996;0.184158147;0.204902051;0.537771317
SubSector;CF1_log;Health Care Distributors;0.5657031;0.320019997;0.505096925;0.127400365;0.675150343;0.555507476
SubSector;CF1_log;Housewares & Specialties;0.666222684;0.443852665;0.666167299;0.146223141;-759.9297931;0.008590337
SubSector;CF1_log;Construction Machinery & Heavy Trucks;0.244808642;0.059931271;0.149768622;0.032084651;0.833499374;0.237412122
SubSector;CF1_log;Pharmaceuticals;0.376528027;0.141773355;0.306994185;0.068858096;0.805830922;0.376475796
SubSector;CF1_log;Advertising;0.651098103;0.42392874;0.519818627;0.186264524;0.413306446;0.628377637
SubSector;CF1_log;Health Care Facilities;0.180941587;0.032739858;0.127364509;0.031093624;0.833043165;0.165869325
SubSector;CF1_log;Hypermarkets & Super Centers;0.293342178;0.086049633;0.246681826;0.046493221;0.820176819;0.260337611
SubSector;CF1_log;Apparel, Accessories & Luxury Goods;0.329032382;0.108262308;0.212086768;0.043176302;0.633032033;0.287344493
SubSector;CF1_log;Office Services & Supplies;0.372389772;0.138674142;0.341984397;0.082255756;0.170830912;0.338287106
SubSector;CF1_log;Building Products;0.41633569;0.173335407;0.292656956;0.068618491;0.93117269;0.401547675
SubSector;CF1_log;Industrial Gases;0.217973688;0.047512529;0.174275497;0.026662614;0.836750601;0.20690198
SubSector;CF1_log;Health Care Technology;0.428957562;0.18400459;0.414108345;0.215643363;-0.976939979;0.111887751
SubSector;CF1_log;Auto Parts & Equipment;0.358692911;0.128660604;0.238713685;0.048635952;0.353332244;0.355325813
SubSector;CF1_log;Semiconductor Equipment ;0.456177372;0.208097794;0.386432021;0.088658763;0.560981906;0.391380328
SubSector;CF1_log;Electrical Components & Equipment;0.528746327;0.279572678;0.43034891;0.124995089;0.774800664;0.528509353
SubSector;CF1_log;Computer & Electronics Retail;0.309126155;0.095558979;0.24067103;0.046776705;0.8424477;0.292762434
SubSector;CF1_log;Industrial Conglomerates;0.554202586;0.307140506;0.39468483;0.093195262;0.235721484;0.482960143
SubSector;CF1_log;Copper;0.240202067;0.057697033;0.180812032;0.033095558;0.658620098;0.233072274
SubSector;CF1_log;Reinsurance;0.58746651;0.3451169;0.350017052;0.182576839;0.392370064;0.487519875
SubSector;CF1_log;Systems Software;0.599935048;0.359922061;0.321970348;15.47216254;0.701426254;0.587859236
SubSector;CF1_log;Gas Utilities;0.441959872;0.195328528;0.360668456;0.064261513;-0.507718973;0.434764474
SubSector;CF1_log;Footwear;0.330333616;0.109120298;0.238399169;0.068876621;0.858311368;0.234387251
SubSector;CF1_log;Diversified Real Estate Activities ;0.634615076;0.402736295;0.48286572;0.096316955;0.808570755;0.625481803
SubSector;CF1_log;Specialty Stores;1.025254702;1.051147204;0.784595877;0.500495334;-0.556651404;0.659967056
SubSector;CF1_log;Alternative Carriers;0.328534075;0.107934639;0.278384481;0.087638;0.903632848;0.32423885
SubSector;CF1_log;Industrial Machinery;0.260963536;0.068101967;0.212650506;0.044418028;0.714950564;0.230126508
SubSector;CF1_log;Tobacco;0.401797983;0.161441619;0.242728966;0.047058112;0.472148982;0.401793703
SubSector;CF1_log;Commodity Chemicals;0.161642456;0.026128284;0.122939114;0.019749184;0.899113734;0.137603948
SubSector;CF1_log;Casinos & Gaming;0.490468055;0.240558913;0.389252045;0.121912913;0.721758482;0.409678303
SubSector;CF1_log;Food Distributors;0.671065142;0.450328425;0.573468016;0.128364331;0.409764451;0.588508901
SubSector;CF1_log;Health Care  Services;0.415767692;0.172862774;0.289652713;0.077885555;0.703462549;0.408395715
SubSector;CF1_log;Consumer Electronics;0.22685641;0.051463831;0.176699443;0.038442957;0.908414683;0.204707618
SubSector;CF1_log;Apparel Retail;0.346229677;0.119874989;0.281600208;0.081815418;0.682253196;0.277289637
SubSector;CF1_log;Leisure Facilities;0.200219989;0.040088044;0.140443128;0.039167124;0.922554092;0.162845859
SubSector;CF1_log;Commercial Printing;0.356370048;0.126999611;0.353403251;0.065179701;-111.4825237;0.045888494
SubSector;CF1_log;Household Appliances;0.469005058;0.219965744;0.399941913;0.111312977;0.799901499;0.465141568
SubSector;CF1_log;General Merchandise Stores;0.314216184;0.098731811;0.205498704;0.050296968;0.753827034;0.288047888
SubSector;CF1_log;Technology Distributors;0.187065621;0.034993547;0.144097265;0.036841045;-6.538143659;0.119287572
SubSector;CF1_log;Real Estate Operating Companies;0.62393218;0.389291366;0.506948063;0.168596108;0.476084864;0.570708825
SubSector;CF1_log;Internet & Direct Marketing Retail;0.387929963;0.150489656;0.338397628;0.107487591;0.660990085;0.387271195
SubSector;CF1_log;Technology Hardware, Storage & Peripherals;0.423890727;0.179683349;0.330021402;0.102532223;0.553529742;0.422926608
SubSector;CF1_log;Investment Banking & Brokerage;0.502768095;0.252775757;0.415316058;0.371384162;0.251450431;0.483172257
SubSector;CF1_log;Consumer Finance;0.839885434;0.705407542;0.581318255;0.185992334;-0.188635593;0.829836227
SubSector;CF1_log;Diversified Capital Markets;0.214591861;0.046049667;0.179590573;0.055775148;0.902056907;0.197031879
SubSector;CF1_log;Heavy Electrical Equipment;0.202031351;0.040816667;0.176584476;0.040114515;0.835287788;0.20076774
SubSector;CF1_log;Metal & Glass Containers;0.575315841;0.330988317;0.507452558;0.11473955;0.430069731;0.514170666
SubSector;CF1_log;Brewers;0.108080867;0.011681474;0.090652699;0.015616732;0.90300469;0.087216274
SubSector;CF1_log;Life Sciences Tools & Services;0.700182041;0.490254891;0.436634105;8.39038701;0.62043982;0.673066573
SubSector;CF1_log;Packaged Foods & Meats;0.430431225;0.18527104;0.344647586;0.085350221;0.778795998;0.400275278
SubSector;CF1_log;Industrial REITs;0.712887618;0.508208755;0.573972769;0.161807811;-0.456046396;0.667796484
SubSector;CF1_log;Homefurnishing Retail;0.977683418;0.955864866;0.853075536;0.198590365;-4.789009249;0.557771063
SubSector;CF1_log;Precious Metals & Minerals;0.631979408;0.399397972;0.531749312;0.1231631;0.420927035;0.341526927
SubSector;CF1_log;Automotive Retail;0.716632922;0.513562745;0.53617878;0.124528964;0.369032386;0.612529402
SubSector;CF1_log;Biotechnology;0.618056026;0.381993251;0.443356676;0.216262215;0.804585354;0.616917964
SubSector;CF1_log;Research & Consulting Services;0.454300702;0.206389127;0.393215345;0.166171129;0.397652054;0.453287055
SubSector;CF1_log;Forest Products;0.224324967;0.050321691;0.194020496;0.032369835;0.86322497;0.21984665
SubSector;CF1_log;Aerospace & Defense;0.221206486;0.04893231;0.183903821;0.042536943;0.91501448;0.217190076
SubSector;CF1_log;Asset Management & Custody Banks;1.376407739;1.894498265;1.175513644;0.520031034;-0.209391169;1.211896124
SubSector;CF1_log;Security & Alarm Services;0.085282985;0.007273188;0.065967079;0.013267304;-0.250341821;0.057935706
SubSector;CF1_log;Textiles;0.37659894;0.141826762;0.344794494;0.073756839;-7.323810377;0.15147118
SubSector;CF1_log;Home Improvement Retail;0.853170772;0.727900367;0.440473174;0.227233976;0.563927477;0.788601118
SubSector;CF1_log;Agricultural & Farm Machinery;0.20044344;0.040177573;0.178508524;0.039026197;0.872768816;0.200418069
SubSector;CF1_log;Environmental & Facilities Services;0.308140976;0.094950861;0.236027635;0.0536588;0.878085229;0.303266935
SubSector;CF1_log;Household Products;0.175964582;0.030963534;0.139525968;0.02926748;0.957196456;0.145188788
SubSector;CF1_log;Hotels, Resorts & Cruise Lines;0.615326489;0.378626688;0.419507839;0.13392236;0.818153488;0.610756866
SubSector;CF1_log;Specialized REITs ;0.882184015;0.778248636;0.808854195;0.272472308;0.641717715;0.868000337
SubSector;CF1_log;Agricultural Products;0.924776508;0.855211589;0.752834498;0.188256392;0.456106805;0.89175323
SubSector;CF1_log;Home Furnishings;0.292059162;0.085298554;0.259274763;0.060136063;0.694690609;0.291854726
SubSector;CF1_log;Movies & Entertainment;0.567175886;0.321688486;0.470566856;0.10079718;-0.296510951;0.535550358
SubSector;CF1_log;Leisure Products;0.328311149;0.10778821;0.245836834;0.065645262;0.287122834;0.324557419
SubSector;CF1_log;Managed Health Care;0.170740671;0.029152377;0.152869438;0.036554452;-2.542513733;0.111922775
SubSector;CF1_log;Electronic Manufacturing Services;0.412916421;0.17049997;0.376818874;0.083066564;-5.215383668;0.300929541
SubSector;CF1_log;Oil & Gas Drilling;0.869375107;0.755813076;0.622538425;0.130489162;0.07071851;0.861133682
SubSector;CF1_log;Internet Services & Infrastructure;1.86413316;3.474992437;1.643383828;0.946103627;-0.00264032;1.832406202
SubSector;CF1_log;Specialized Finance;0.76961733;0.592310834;0.562286847;0.386396134;0.187945511;0.764128125
SubSector;CF1_log;Financial Exchanges & Data;0.756213999;0.571859613;0.522868089;0.583165261;-0.195249358;0.566709004
SubSector;CF1_log;Interactive Home Entertainment;0.221981092;0.049275605;0.158445749;0.05857428;0.704027604;0.158517681
SubSector;CF1_log;Mortgage REITs;0.918436486;0.843525578;0.918436486;0.403449109;;0
SubSector;CF1_log;Insurance Brokers;0.902648788;0.814774834;0.801387056;0.266497048;0.002853058;0.746005675
SubSector;CF1_log;Restaurants;0.421597014;0.177744042;0.395484679;0.07981291;-0.69315464;0.384951163
SubSector;CF1_log;Education Services;0.762059113;0.580734092;0.657083411;0.199858676;0.020078263;0.616582494
SubSector;CF1_log;Real Estate Services ;1.183714399;1.401179778;1.131042933;0.260683771;-4.961205681;0.870794306
SubSector;CF1_log;Specialized Consumer Services;0.174559888;0.030471155;0.160960227;0.043740307;-20.37356374;0.067549685
ENEConsume_log;CF1_log;FALSE;0.540363688;0.291992916;0.377134074;0.186095237;0.86204052;0.540356088
ENEProduce_log;CF1_log;FALSE;0.540363688;0.291992916;0.377134074;0.186095237;0.86204052;0.540356088
SectorName;CF2_log;10;1.466292962;2.15001505;1.194184337;0.317231503;-0.417610236;0.885326321
SectorName;CF2_log;40;0.950224171;0.902925976;0.806243984;0.204057656;-0.000504959;0.588972977
SectorName;CF2_log;50;0.990706709;0.981499783;0.888791186;0.19774592;0.031461041;0.483198836
SectorName;CF2_log;20;1.05802427;1.119415356;0.72537068;0.178077357;-0.497368691;1.028512587
SectorName;CF2_log;30;0.56828749;0.322950671;0.448938669;0.099861295;0.542424528;0.561145815
SectorName;CF2_log;15;0.801541967;0.642469524;0.611062911;0.116472569;0.089263293;0.762131635
SectorName;CF2_log;35;0.569391615;0.324206811;0.465221388;0.106558127;0.612963073;0.407083754
SectorName;CF2_log;60;1.076818344;1.159537746;0.915783696;0.204668355;-0.617618944;0.804054781
SectorName;CF2_log;45;1.074236723;1.153984537;0.938626628;0.191537145;-0.103231594;0.56291725
SectorName;CF2_log;55;1.436603679;2.06383013;1.128041867;0.263593736;-0.601335944;1.043948025
SectorName;CF2_log;25;0.764601703;0.584615764;0.634757381;0.138623062;0.261689696;0.550609517
Region;CF2_log;Latin America & the Caribbean;1.333187736;1.77738954;0.991348786;0.260917579;-0.546610689;1.228587946
Region;CF2_log;East Asia and Pacific;1.116008282;1.245474485;0.931463535;0.208390676;-0.373818581;1.049759374
Region;CF2_log;Europe and Central Asia;0.807385103;0.651870705;0.631648247;0.150730977;0.504071173;0.79912989
Region;CF2_log;North America;0.85401269;0.729337675;0.618253953;0.135112654;0.138687945;0.844006373
Region;CF2_log;Middle East and North Africa;0.847880204;0.71890084;0.635828979;0.132798099;-0.147464711;0.68843925
Region;CF2_log;South Asia;1.35968879;1.848753605;1.062615534;0.211791627;-1.555512157;1.134917254
Region;CF2_log;Sub-Saharan Africa;1.225715528;1.502378556;1.067492636;0.203895235;-1.909976286;0.661851199
Revenuebuckets;CF2_log;7;0.954357033;0.910797347;0.712775401;0.141026501;-0.552720412;0.953903669
Revenuebuckets;CF2_log;4;0.992526413;0.985108681;0.786322142;0.178219559;-0.271501274;0.972689259
Revenuebuckets;CF2_log;0;1.169929059;1.368734002;0.910623672;0.280094655;-0.200629403;1.088984224
Revenuebuckets;CF2_log;2;1.079303368;1.164895761;0.852938311;0.206589141;-0.761272371;1.052055829
Revenuebuckets;CF2_log;5;0.923864804;0.853526175;0.690572326;0.155483097;-0.173916692;0.916467244
Revenuebuckets;CF2_log;9;0.943048056;0.889339636;0.770467873;0.135263712;-0.383053336;0.943041094
Revenuebuckets;CF2_log;1;1.029295376;1.05944897;0.819855357;0.220140074;-0.341551765;0.964291279
Revenuebuckets;CF2_log;8;0.861696957;0.742521645;0.67250558;0.124212663;-0.513772125;0.857322314
Revenuebuckets;CF2_log;3;0.931199787;0.867133044;0.738427479;0.168443048;-0.576361428;0.900125365
Revenuebuckets;CF2_log;6;0.894691563;0.800472994;0.704532559;0.141375689;-0.490541208;0.874369052
SubSector;CF2_log;Integrated Oil & Gas;1.096700839;1.20275273;1.035690648;0.175024986;-3.909672314;0.360690465
SubSector;CF2_log;Diversified Banks;1.008322001;1.016713257;0.943892391;0.224554366;-4.672868599;0.354655341
SubSector;CF2_log;Broadcasting;1.152214529;1.327598322;1.10341974;0.276072056;-4.356974477;0.331757743
SubSector;CF2_log;Regional Banks;0.956455981;0.914808044;0.865034181;0.238519322;-1.113281618;0.408073413
SubSector;CF2_log;Diversified Support Services;0.442968379;0.196220984;0.375733568;0.092641976;0.463750441;0.340344101
SubSector;CF2_log;Human Resource & Employment Services;0.395307851;0.156268297;0.303615238;0.081211505;0.535340121;0.386819435
SubSector;CF2_log;Personal Products;0.71448319;0.510486229;0.665220227;0.171073637;-0.521081428;0.483705642
SubSector;CF2_log;Diversified Metals & Mining;0.965110754;0.931438767;0.659585713;0.20537158;0.645237363;0.753825427
SubSector;CF2_log;Health Care Equipment;0.744718601;0.554605795;0.64965181;0.160269243;-0.462804464;0.39601704
SubSector;CF2_log;Integrated Telecommunication Services;1.054699371;1.112390763;0.983941806;0.184418899;-1.692023211;0.37980164
SubSector;CF2_log;Diversified REITs;1.6598017;2.754941683;1.553145782;0.32651747;-6.059211767;0.585388643
SubSector;CF2_log;Oil & Gas Refining & Marketing;1.189111149;1.413985325;1.064558602;0.206824718;-7.634260264;0.534128046
SubSector;CF2_log;Construction Materials;1.146232839;1.313849722;1.083666394;0.186552458;-2.242473557;0.373519568
SubSector;CF2_log;Food Retail;0.755728848;0.571126091;0.70227144;0.121476118;-6.043371005;0.579481085
SubSector;CF2_log;Gold;0.756195851;0.571832165;0.542395237;0.102038779;-0.683425101;0.744403719
SubSector;CF2_log;Oil & Gas Exploration & Production;1.470958562;2.16371909;1.134884126;0.485153293;-0.396979583;0.935818952
SubSector;CF2_log;Office REITs ;0.780626067;0.609377057;0.650627899;0.173710668;-0.497046241;0.595970645
SubSector;CF2_log;Data Processing & Outsourced Services;1.035999703;1.073295385;0.957494231;0.240225486;-0.493529812;0.39560104
SubSector;CF2_log;Oil & Gas Equipment & Services;1.548657242;2.398339254;1.23131073;0.359893389;-0.897575352;1.00247045
SubSector;CF2_log;Life & Health Insurance;1.127373295;1.270970546;1.031927354;0.201736132;-2.362296911;0.45443334
SubSector;CF2_log;Other Diversified Financial Services;1.393511054;1.941873059;1.25898679;0.306747208;-0.779000749;0.597348577
SubSector;CF2_log;Diversified Chemicals;0.516548664;0.266822522;0.436276072;0.074391503;-0.527998714;0.498586897
SubSector;CF2_log;Airlines;2.598632433;6.752890522;2.532584372;0.637953576;-8.050124458;0.582157126
SubSector;CF2_log;Steel;1.060225421;1.124077943;0.967856289;0.159511941;-0.758849457;0.566574378
SubSector;CF2_log;Airport Services;0.913535679;0.834547436;0.754970589;0.23560169;0.232307919;0.913480909
SubSector;CF2_log;Semiconductors;0.604072995;0.364904184;0.555639523;0.094962334;-0.660150372;0.339645401
SubSector;CF2_log;Electric Utilities;1.289105852;1.661793899;1.110508516;0.199232922;-0.874809798;1.024824572
SubSector;CF2_log;Electronic Components;1.139979841;1.299554038;1.068697927;0.188293979;-1.833436749;0.406864364
SubSector;CF2_log;Distributors;0.305046195;0.093053181;0.259669457;0.05641694;-4.86106494;0.280362695
SubSector;CF2_log;Health Care REITs ;0.781707092;0.611065977;0.71609989;0.136313268;-2.174019598;0.313475557
SubSector;CF2_log;Electronic Equipment & Instruments ;0.766868584;0.588087425;0.711690286;0.181072005;0.246298799;0.502736276
SubSector;CF2_log;Construction & Engineering;0.533084466;0.284179048;0.405004004;0.092205019;0.19941108;0.412574189
SubSector;CF2_log;Specialty Chemicals;0.257779167;0.066450099;0.193299004;0.040720268;0.868182272;0.250928955
SubSector;CF2_log;Oil & Gas Storage & Transportation;2.584581465;6.68006135;2.130955923;0.875778779;-1.63460843;1.698822573
SubSector;CF2_log;Homebuilding;0.466084921;0.217235154;0.344597877;0.100576034;0.825617822;0.462410111
SubSector;CF2_log;Renewable Electricity ;1.142790827;1.305970875;0.814871942;0.426068759;-0.178518033;0.970669452
SubSector;CF2_log;Paper Packaging;0.567390223;0.321931665;0.474295654;0.092097339;-0.315736155;0.416876668
SubSector;CF2_log;Highways & Railtracks;1.135940925;1.290361785;0.962728913;0.222459926;-1.764749386;1.09031498
SubSector;CF2_log;Railroads;1.464812498;2.145675655;1.204566897;0.29256864;-0.751106453;1.450699388
SubSector;CF2_log;Drug Retail;0.350647754;0.122953847;0.233277067;0.04747899;0.536284248;0.297524356
SubSector;CF2_log;Trucking;1.061878193;1.127585297;0.890264632;0.213166685;-0.129481344;0.578804097
SubSector;CF2_log;Marine Ports & Services;0.963977672;0.929252952;0.802456203;0.229801292;-0.074249474;0.770717258
SubSector;CF2_log;Paper Products;0.913191338;0.833918419;0.596986955;0.120396354;-0.684066983;0.74376006
SubSector;CF2_log;Coal & Consumable Fuels;1.397455251;1.952881178;0.973416204;0.263915606;-0.891664685;1.003505208
SubSector;CF2_log;Thrifts & Mortgage Finance;0.397918787;0.158339361;0.356610955;0.111101559;0.074579133;0.322867492
SubSector;CF2_log;Trading Companies & Distributors;0.605275374;0.366358279;0.416220396;0.120355791;0.253540098;0.441698996
SubSector;CF2_log;Multi-Utilities;1.209831323;1.463691829;1.131917431;0.197258502;-1.529554836;0.427147232
SubSector;CF2_log;Residential REITs;0.56437965;0.318524389;0.462268058;0.117629421;0.078404881;0.558611303
SubSector;CF2_log;Retail REITs;0.652251175;0.425431595;0.572710291;0.141509583;-0.176541329;0.4778432
SubSector;CF2_log;IT Consulting & Other Services;0.899979724;0.809963503;0.819608762;0.171097608;0.192687833;0.405499745
SubSector;CF2_log;Cable & Satellite;0.824786768;0.680273212;0.702258474;0.14816967;-1.707930706;0.434512944
SubSector;CF2_log;Communications Equipment;0.88108049;0.776302829;0.832724312;0.177285454;-0.038319682;0.287876795
SubSector;CF2_log;Property & Casualty Insurance;0.523745499;0.274309348;0.431094977;0.113838774;-0.090469043;0.332773526
SubSector;CF2_log;Wireless Telecommunication Services;1.256273735;1.578223698;1.201971118;0.21157754;-2.806967117;0.365361643
SubSector;CF2_log;Independent Power Producers & Energy Traders;2.609299487;6.808443813;2.514290843;0.576222159;-14.08103058;0.697700059
SubSector;CF2_log;Fertilizers & Agricultural Chemicals;0.436475409;0.190510783;0.32644145;0.059806983;0.037036789;0.310211381
SubSector;CF2_log;Distillers & Vintners;0.454034144;0.206147004;0.361508843;0.076507431;-1.856886581;0.310196822
SubSector;CF2_log;Soft Drinks;0.354352753;0.125565874;0.260366611;0.054102243;0.402882256;0.347061208
SubSector;CF2_log;Department Stores;0.940913074;0.885317413;0.893886112;0.172702021;-0.883924311;0.293743138
SubSector;CF2_log;Water Utilities;0.271024003;0.07345401;0.215981433;0.045471358;0.79461874;0.244543436
SubSector;CF2_log;Multi-line Insurance;0.788097139;0.6210971;0.677737177;0.170624507;0.320118873;0.611813997
SubSector;CF2_log;Interactive Media & Services;1.060178633;1.123978734;0.724543664;0.159092508;0.562863218;0.790830614
SubSector;CF2_log;Aluminum;0.929258543;0.863521439;0.710786579;0.126020936;-0.472485989;0.741159513
SubSector;CF2_log;Real Estate Development ;1.080730101;1.167977551;0.940542179;0.232570704;-0.388214629;0.780024606
SubSector;CF2_log;Air Freight & Logistics;0.588361269;0.346168983;0.408600619;0.102212768;-0.407217559;0.472969877
SubSector;CF2_log;Marine;2.078961999;4.322082993;1.932186096;0.452648715;-8.979527691;0.827560112
SubSector;CF2_log;Multi-Sector Holdings;0.590793031;0.349036406;0.471712741;0.153817614;0.831677485;0.486181304
SubSector;CF2_log;Health Care Supplies;0.531963202;0.282984848;0.459878122;0.103604126;0.283655835;0.385451639
SubSector;CF2_log;Application Software;0.850360636;0.723113211;0.767935414;0.195851216;0.213239028;0.365223782
SubSector;CF2_log;Automobile Manufacturers;0.327090304;0.106988067;0.256489162;0.047927687;0.790671165;0.249479029
SubSector;CF2_log;Tires & Rubber;0.3051661;0.093126349;0.255626997;0.047838793;0.769131698;0.187703854
SubSector;CF2_log;Publishing;0.669604803;0.448370592;0.615005693;0.176537638;-0.776788328;0.271665089
SubSector;CF2_log;Health Care Distributors;0.600222826;0.36026744;0.549550642;0.117782104;0.559783037;0.457030916
SubSector;CF2_log;Housewares & Specialties;0.625982823;0.391854495;0.625974292;0.140068762;-801.227988;0.003268021
SubSector;CF2_log;Construction Machinery & Heavy Trucks;0.510302673;0.260408818;0.413489189;0.087906103;0.039165232;0.37494106
SubSector;CF2_log;Pharmaceuticals;0.407629066;0.166161456;0.308915364;0.06319609;0.400385342;0.273154554
SubSector;CF2_log;Advertising;0.807424026;0.651933558;0.763913126;0.202988808;0.198268329;0.261477138
SubSector;CF2_log;Health Care Facilities;0.583577211;0.340562362;0.470981431;0.093179311;0.322101873;0.45449062
SubSector;CF2_log;Hypermarkets & Super Centers;0.568675187;0.323391468;0.434041921;0.075501461;-1.67472205;0.37239137
SubSector;CF2_log;Apparel, Accessories & Luxury Goods;0.500137118;0.250137136;0.448611466;0.089690664;-0.084974202;0.250189922
SubSector;CF2_log;Office Services & Supplies;0.510233287;0.260338007;0.473957468;0.097738088;-4.006764237;0.188950592
SubSector;CF2_log;Building Products;0.430817776;0.185603956;0.375406289;0.077526736;0.859638106;0.430793073
SubSector;CF2_log;Industrial Gases;0.30740012;0.094494834;0.208007791;0.031700843;0.039695546;0.305191244
SubSector;CF2_log;Health Care Technology;1.22600358;1.503084778;1.168758108;0.357242678;-27.43059785;0.370255672
SubSector;CF2_log;Auto Parts & Equipment;0.55788723;0.311238162;0.524218963;0.089937941;-1.022576823;0.21394586
SubSector;CF2_log;Semiconductor Equipment ;0.656624685;0.431155977;0.565765376;0.120234253;0.270536887;0.394342142
SubSector;CF2_log;Electrical Components & Equipment;0.513470789;0.263652251;0.443469613;0.091425466;0.084962328;0.25881838
SubSector;CF2_log;Computer & Electronics Retail;0.731305195;0.534807289;0.707854929;0.129001616;-0.185456355;0.183708161
SubSector;CF2_log;Industrial Conglomerates;0.713291239;0.508784391;0.422950773;0.146964436;0.221732303;0.713082985
SubSector;CF2_log;Copper;0.304997864;0.093023697;0.249520891;0.042413616;0.310722806;0.254569844
SubSector;CF2_log;Reinsurance;0.456075451;0.208004817;0.396782104;0.102753644;-1.072755153;0.224875029
SubSector;CF2_log;Systems Software;0.981832449;0.963994957;0.931292681;0.23191426;-1.114302031;0.310948388
SubSector;CF2_log;Gas Utilities;0.794965181;0.631969638;0.694141504;0.148473646;-1.650957592;0.387475433
SubSector;CF2_log;Footwear;0.853845973;0.729052945;0.828859551;0.16488134;0.108269941;0.205048264
SubSector;CF2_log;Diversified Real Estate Activities ;1.010754792;1.021625249;0.975212697;0.180845628;-5.72257705;0.988359178
SubSector;CF2_log;Specialty Stores;1.170414012;1.369868959;1.140268274;0.277850424;-4.302865724;0.263926545
SubSector;CF2_log;Alternative Carriers;1.116126583;1.24573855;1.057278452;0.219825206;-2.053906266;0.357632249
SubSector;CF2_log;Industrial Machinery;0.423142406;0.179049496;0.35410667;0.075393507;0.111117439;0.421312647
SubSector;CF2_log;Tobacco;0.385210809;0.148387367;0.32208488;0.062074004;-0.37245487;0.370614164
SubSector;CF2_log;Commodity Chemicals;0.675387008;0.45614761;0.505867764;0.093887817;-0.686261414;0.481115529
SubSector;CF2_log;Casinos & Gaming;1.037877917;1.07719057;0.970610489;0.309568168;0.113977773;0.703630308
SubSector;CF2_log;Food Distributors;0.611153078;0.373508084;0.556408757;0.115504907;-0.399963517;0.492919793
SubSector;CF2_log;Health Care  Services;0.380972943;0.145140383;0.352964321;0.073370272;0.589326375;0.218026088
SubSector;CF2_log;Consumer Electronics;0.575874864;0.331631859;0.543991014;0.100690269;0.372322972;0.188959347
SubSector;CF2_log;Apparel Retail;1.309308379;1.714288432;1.264546288;0.248665598;-4.176821326;0.339427631
SubSector;CF2_log;Leisure Facilities;0.36194588;0.13100482;0.341215795;0.070406693;0.568888554;0.120733599
SubSector;CF2_log;Commercial Printing;0.201332118;0.040534622;0.187094611;0.031752177;-11.46314017;0.078941497
SubSector;CF2_log;Household Appliances;0.485947164;0.236144646;0.429817518;0.098013817;0.382022548;0.345813377
SubSector;CF2_log;General Merchandise Stores;0.789806866;0.623794886;0.692250019;0.126889472;0.112805984;0.380243076
SubSector;CF2_log;Technology Distributors;0.822723614;0.676874145;0.821096182;0.178633258;-124.6374701;0.051722384
SubSector;CF2_log;Real Estate Operating Companies;0.991589607;0.983249949;0.78026453;0.200352537;-2.579239822;0.825413357
SubSector;CF2_log;Internet & Direct Marketing Retail;0.840168504;0.705883115;0.727047612;0.169580551;-0.154338198;0.481557175
SubSector;CF2_log;Technology Hardware, Storage & Peripherals;1.090545695;1.189289913;1.054973066;0.218462659;-2.495843202;0.2762639
SubSector;CF2_log;Investment Banking & Brokerage;1.162174862;1.35065041;1.082319609;0.298438153;-0.451034526;0.583600893
SubSector;CF2_log;Consumer Finance;0.80489545;0.647856685;0.695198137;0.157883151;0.050791425;0.607221846
SubSector;CF2_log;Diversified Capital Markets;1.182936035;1.399337662;1.121780641;0.2441772;-2.790261779;0.375427564
SubSector;CF2_log;Heavy Electrical Equipment;0.352981137;0.124595683;0.231592371;0.059497465;0.659933836;0.352210761
SubSector;CF2_log;Metal & Glass Containers;0.528409583;0.279216687;0.480194832;0.091159075;0.119140835;0.332564186
SubSector;CF2_log;Brewers;0.264407235;0.069911186;0.229997646;0.041044623;0.03750546;0.224064802
SubSector;CF2_log;Life Sciences Tools & Services;0.640356107;0.410055943;0.569317561;0.141267988;0.650387615;0.397647826
SubSector;CF2_log;Packaged Foods & Meats;0.775762675;0.601807727;0.622983342;0.210994913;0.366422088;0.732547303
SubSector;CF2_log;Industrial REITs;0.768915714;0.591231375;0.640983516;0.145884689;0.070497051;0.5185677
SubSector;CF2_log;Homefurnishing Retail;0.721736546;0.520903641;0.702369137;0.161800315;-9.881543843;0.166075997
SubSector;CF2_log;Precious Metals & Minerals;1.131074675;1.279329921;1.09132893;0.180319989;-5.307730763;0.297205465
SubSector;CF2_log;Automotive Retail;0.522635122;0.273147471;0.48569303;0.115052501;0.315420314;0.485831221
SubSector;CF2_log;Biotechnology;0.257957518;0.066542081;0.219155564;0.067363388;0.955664262;0.255049581
SubSector;CF2_log;Research & Consulting Services;0.558968063;0.312445295;0.414212999;0.127814567;0.076625163;0.417071824
SubSector;CF2_log;Forest Products;0.452084727;0.204380601;0.335190496;0.069309691;0.673345531;0.310147117
SubSector;CF2_log;Aerospace & Defense;0.417398056;0.174221137;0.357087078;0.074166066;0.620587731;0.266387175
SubSector;CF2_log;Asset Management & Custody Banks;0.909617894;0.827404714;0.715425324;0.242356977;0.121543506;0.826883691
SubSector;CF2_log;Security & Alarm Services;0.587803774;0.345513277;0.579903973;0.133277097;-30.15825672;0.096045088
SubSector;CF2_log;Textiles;0.742698561;0.551601153;0.738027676;0.142005179;-11.23942842;0.083164311
SubSector;CF2_log;Home Improvement Retail;0.991855108;0.983776556;0.767162124;0.146129965;-2.154205897;0.651323686
SubSector;CF2_log;Agricultural & Farm Machinery;0.339475589;0.115243676;0.251671243;0.05516423;0.616101064;0.241914522
SubSector;CF2_log;Environmental & Facilities Services;0.604779207;0.365757889;0.463020698;0.118144908;-0.014749203;0.405261226
SubSector;CF2_log;Household Products;0.414360544;0.171694661;0.336376717;0.064280034;0.617969486;0.266150523
SubSector;CF2_log;Hotels, Resorts & Cruise Lines;0.930389794;0.865625168;0.783697816;0.159021621;-1.721983066;0.847241667
SubSector;CF2_log;Specialized REITs ;0.92996001;0.86482562;0.849091313;0.210744586;0.038498255;0.645230114
SubSector;CF2_log;Agricultural Products;1.017295336;1.0348898;0.779044805;0.221186862;0.056254097;0.663670283
SubSector;CF2_log;Home Furnishings;0.291194954;0.084794501;0.277942412;0.061411213;-40.95667622;0.257693822
SubSector;CF2_log;Movies & Entertainment;0.819775615;0.672032058;0.657937354;0.134495332;-2.443245783;0.781440518
SubSector;CF2_log;Leisure Products;0.513390743;0.263570055;0.390314821;0.13541701;0.639276851;0.512771116
SubSector;CF2_log;Managed Health Care;0.834214928;0.695914545;0.819920651;0.161381098;-51.39790798;0.153768242
SubSector;CF2_log;Electronic Manufacturing Services;1.328193283;1.764097397;1.306869116;0.215908678;-37.16423598;0.237045377
SubSector;CF2_log;Oil & Gas Drilling;1.906230276;3.633713865;1.83950822;0.492078276;-34.1286278;0.499923368
SubSector;CF2_log;Internet Services & Infrastructure;2.825638473;7.984232782;2.82120768;0.512508903;-5.581492813;0.158177142
SubSector;CF2_log;Specialized Finance;0.627126591;0.393287762;0.560101168;0.171816301;0.204203592;0.399085114
SubSector;CF2_log;Financial Exchanges & Data;1.207185383;1.457296549;0.970671684;0.291638731;-1.604620473;0.796342032
SubSector;CF2_log;Interactive Home Entertainment;1.237961743;1.532549278;1.228406124;0.345332904;-11.45234589;0.153517664
SubSector;CF2_log;Mortgage REITs;0.723094372;0.522865471;0.723094372;0.189223238;;0
SubSector;CF2_log;Insurance Brokers;0.760091197;0.577738627;0.647730066;0.141852254;-0.193821216;0.397724011
SubSector;CF2_log;Restaurants;0.774665642;0.600106857;0.734837543;0.138317807;0.033844931;0.746968659
SubSector;CF2_log;Education Services;0.916501008;0.839974097;0.828624572;0.211252256;-0.673215469;0.664438756
SubSector;CF2_log;Real Estate Services ;1.609027043;2.588968026;1.467274852;0.259918581;-5.19627396;0.660357883
SubSector;CF2_log;Specialized Consumer Services;0.168080457;0.02825104;0.11137199;0.028731089;-75.09648879;0.130238667
ENEConsume_log;CF2_log;FALSE;0.981988043;0.964300517;0.765937421;0.175099702;0.141399496;0.964894363
ENEProduce_log;CF2_log;FALSE;0.981988043;0.964300517;0.765937421;0.175099702;0.141399496;0.964894363
